<?xml version="1.0" encoding="UTF-8"?>
<project-private xmlns="http://www.netbeans.org/ns/project-private/1">
    <editor-bookmarks xmlns="http://www.netbeans.org/ns/editor-bookmarks/2" lastBookmarkId="0"/>
    <open-files xmlns="http://www.netbeans.org/ns/projectui-open-files/2">
        <group>
            <file>file:/C:/Users/Administrator/Desktop/3344_AngularPaurav/web/tripleLab/js/customer_view_controller.js</file>
            <file>file:/C:/Users/Administrator/Desktop/3344_AngularPaurav/web/tripleLab/htmlPartials/user_insert_update.html</file>
            <file>file:/C:/Users/Administrator/Desktop/3344_AngularPaurav/web/tripleLab/index.html</file>
            <file>file:/C:/Users/Administrator/Desktop/3344_AngularPaurav/web/tripleLab/js/user_route.js</file>
            <file>file:/C:/Users/Administrator/Desktop/3344_AngularPaurav/web/tripleLab/htmlPartials/customer_insert_update.html</file>
            <file>file:/C:/Users/Administrator/Desktop/3344_AngularPaurav/web/tripleLab/htmlPartials/user_insert.html</file>
            <file>file:/C:/Users/Administrator/Desktop/3344_AngularPaurav/web/tripleLab/js/user_view_controller.js</file>
            <file>file:/C:/Users/Administrator/Desktop/3344_AngularPaurav/web/tripleLab/htmlPartials/user_view.html</file>
            <file>file:/C:/Users/Administrator/Desktop/3344_AngularPaurav/web/tripleLab/htmlPartials/customer_view.html</file>
            <file>file:/C:/Users/Administrator/Desktop/3344_AngularPaurav/web/tripleLab/htmlPartials/user_list.html</file>
        </group>
    </open-files>
</project-private>
